,Unnamed: 0,DATE,NAME,PRCP,SNOW,SNWD,TMAX,TMIN,TAVG,AWND,State Name,county Name,State Code,County Code,AQI,Category
0,0,2024-01-01,"BALTIMORE WASHINGTON INTERNATIONAL AIRPORT, MD US",8.0,0.0,0.0,72.0,28.0,53.0,21.0,Maryland,Anne Arundel,24,3,8,Good
1,1,2024-01-07,"BALTIMORE WASHINGTON INTERNATIONAL AIRPORT, MD US",0.0,0.0,0.0,106.0,17.0,48.0,49.0,Maryland,Anne Arundel,24,3,3,Good
2,2,2024-01-13,"BALTIMORE WASHINGTON INTERNATIONAL AIRPORT, MD US",20.0,0.0,0.0,133.0,11.0,97.0,67.0,Maryland,Anne Arundel,24,3,2,Good
4,4,2024-01-25,"BALTIMORE WASHINGTON INTERNATIONAL AIRPORT, MD US",51.0,0.0,0.0,167.0,67.0,95.0,9.0,Maryland,Anne Arundel,24,3,21,Good
5,5,2024-01-31,"BALTIMORE WASHINGTON INTERNATIONAL AIRPORT, MD US",0.0,0.0,0.0,67.0,0.0,44.0,18.0,Maryland,Anne Arundel,24,3,7,Good
6,6,2024-02-06,"BALTIMORE WASHINGTON INTERNATIONAL AIRPORT, MD US",0.0,0.0,0.0,72.0,-21.0,31.0,30.0,Maryland,Anne Arundel,24,3,9,Good
7,7,2024-02-12,"BALTIMORE WASHINGTON INTERNATIONAL AIRPORT, MD US",25.0,0.0,0.0,94.0,56.0,85.0,21.0,Maryland,Anne Arundel,24,3,13,Good
9,9,2024-02-24,"BALTIMORE WASHINGTON INTERNATIONAL AIRPORT, MD US",3.0,0.0,0.0,106.0,-10.0,68.0,37.0,Maryland,Anne Arundel,24,3,6,Good
10,10,2024-03-01,"BALTIMORE WASHINGTON INTERNATIONAL AIRPORT, MD US",8.0,0.0,0.0,100.0,-32.0,33.0,26.0,Maryland,Anne Arundel,24,3,7,Good
11,11,2024-03-07,"BALTIMORE WASHINGTON INTERNATIONAL AIRPORT, MD US",8.0,0.0,0.0,178.0,94.0,133.0,39.0,Maryland,Anne Arundel,24,3,3,Good
12,12,2024-03-13,"BALTIMORE WASHINGTON INTERNATIONAL AIRPORT, MD US",0.0,0.0,0.0,233.0,44.0,155.0,22.0,Maryland,Anne Arundel,24,3,13,Good
13,13,2024-03-19,"BALTIMORE WASHINGTON INTERNATIONAL AIRPORT, MD US",0.0,0.0,0.0,111.0,0.0,48.0,44.0,Maryland,Anne Arundel,24,3,5,Good
14,14,2024-03-25,"BALTIMORE WASHINGTON INTERNATIONAL AIRPORT, MD US",0.0,0.0,0.0,117.0,-5.0,57.0,30.0,Maryland,Anne Arundel,24,3,7,Good
15,15,2024-03-31,"BALTIMORE WASHINGTON INTERNATIONAL AIRPORT, MD US",0.0,0.0,0.0,206.0,61.0,123.0,22.0,Maryland,Anne Arundel,24,3,7,Good
16,16,2024-04-01,"BALTIMORE WASHINGTON INTERNATIONAL AIRPORT, MD US",180.0,0.0,0.0,122.0,100.0,111.0,30.0,Maryland,Anne Arundel,24,3,35,Good
17,17,2024-04-02,"BALTIMORE WASHINGTON INTERNATIONAL AIRPORT, MD US",239.0,0.0,0.0,100.0,83.0,98.0,50.0,Maryland,Anne Arundel,24,3,36,Good
18,18,2024-04-03,"BALTIMORE WASHINGTON INTERNATIONAL AIRPORT, MD US",307.0,0.0,0.0,100.0,67.0,88.0,56.0,Maryland,Anne Arundel,24,3,36,Good
19,19,2024-04-04,"BALTIMORE WASHINGTON INTERNATIONAL AIRPORT, MD US",5.0,0.0,0.0,122.0,17.0,71.0,28.0,Maryland,Anne Arundel,24,3,31,Good
20,20,2024-04-05,"BALTIMORE WASHINGTON INTERNATIONAL AIRPORT, MD US",0.0,0.0,0.0,122.0,28.0,73.0,56.0,Maryland,Anne Arundel,24,3,34,Good
21,21,2024-04-06,"BALTIMORE WASHINGTON INTERNATIONAL AIRPORT, MD US",0.0,0.0,0.0,133.0,28.0,79.0,53.0,Maryland,Anne Arundel,24,3,36,Good
22,22,2024-04-07,"BALTIMORE WASHINGTON INTERNATIONAL AIRPORT, MD US",0.0,0.0,0.0,183.0,44.0,113.0,29.0,Maryland,Anne Arundel,24,3,41,Good
23,23,2024-04-08,"BALTIMORE WASHINGTON INTERNATIONAL AIRPORT, MD US",0.0,0.0,0.0,217.0,22.0,121.0,18.0,Maryland,Anne Arundel,24,3,40,Good
24,24,2024-04-09,"BALTIMORE WASHINGTON INTERNATIONAL AIRPORT, MD US",0.0,0.0,0.0,250.0,67.0,154.0,13.0,Maryland,Anne Arundel,24,3,48,Good
25,25,2024-04-10,"BALTIMORE WASHINGTON INTERNATIONAL AIRPORT, MD US",0.0,0.0,0.0,250.0,139.0,189.0,18.0,Maryland,Anne Arundel,24,3,45,Good
26,26,2024-04-11,"BALTIMORE WASHINGTON INTERNATIONAL AIRPORT, MD US",5.0,0.0,0.0,228.0,161.0,191.0,45.0,Maryland,Anne Arundel,24,3,35,Good
27,27,2024-04-12,"BALTIMORE WASHINGTON INTERNATIONAL AIRPORT, MD US",51.0,0.0,0.0,200.0,133.0,177.0,71.0,Maryland,Anne Arundel,24,3,42,Good
28,28,2024-04-13,"BALTIMORE WASHINGTON INTERNATIONAL AIRPORT, MD US",0.0,0.0,0.0,189.0,89.0,151.0,74.0,Maryland,Anne Arundel,24,3,44,Good
29,29,2024-04-14,"BALTIMORE WASHINGTON INTERNATIONAL AIRPORT, MD US",0.0,0.0,0.0,278.0,44.0,161.0,38.0,Maryland,Anne Arundel,24,3,47,Good
30,30,2024-04-16,"BALTIMORE WASHINGTON INTERNATIONAL AIRPORT, MD US",0.0,0.0,0.0,250.0,100.0,198.0,22.0,Maryland,Anne Arundel,24,3,46,Good
31,31,2024-04-17,"BALTIMORE WASHINGTON INTERNATIONAL AIRPORT, MD US",8.0,0.0,0.0,211.0,133.0,172.0,29.0,Maryland,Anne Arundel,24,3,38,Good
32,32,2024-04-18,"BALTIMORE WASHINGTON INTERNATIONAL AIRPORT, MD US",0.0,0.0,0.0,206.0,117.0,163.0,35.0,Maryland,Anne Arundel,24,3,32,Good
33,33,2024-04-19,"BALTIMORE WASHINGTON INTERNATIONAL AIRPORT, MD US",3.0,0.0,0.0,128.0,94.0,114.0,28.0,Maryland,Anne Arundel,24,3,30,Good
34,34,2024-04-20,"BALTIMORE WASHINGTON INTERNATIONAL AIRPORT, MD US",10.0,0.0,0.0,228.0,111.0,154.0,34.0,Maryland,Anne Arundel,24,3,46,Good
35,35,2024-04-21,"BALTIMORE WASHINGTON INTERNATIONAL AIRPORT, MD US",0.0,0.0,0.0,122.0,56.0,112.0,25.0,Maryland,Anne Arundel,24,3,34,Good
36,36,2024-04-22,"BALTIMORE WASHINGTON INTERNATIONAL AIRPORT, MD US",0.0,0.0,0.0,183.0,17.0,101.0,22.0,Maryland,Anne Arundel,24,3,44,Good
37,37,2024-04-23,"BALTIMORE WASHINGTON INTERNATIONAL AIRPORT, MD US",0.0,0.0,0.0,222.0,33.0,128.0,24.0,Maryland,Anne Arundel,24,3,46,Good
38,38,2024-04-24,"BALTIMORE WASHINGTON INTERNATIONAL AIRPORT, MD US",0.0,0.0,0.0,239.0,106.0,174.0,39.0,Maryland,Anne Arundel,24,3,45,Good
39,39,2024-04-25,"BALTIMORE WASHINGTON INTERNATIONAL AIRPORT, MD US",0.0,0.0,0.0,156.0,72.0,134.0,37.0,Maryland,Anne Arundel,24,3,33,Good
40,40,2024-04-26,"BALTIMORE WASHINGTON INTERNATIONAL AIRPORT, MD US",0.0,0.0,0.0,183.0,39.0,114.0,32.0,Maryland,Anne Arundel,24,3,35,Good
41,41,2024-04-27,"BALTIMORE WASHINGTON INTERNATIONAL AIRPORT, MD US",5.0,0.0,0.0,144.0,106.0,121.0,21.0,Maryland,Anne Arundel,24,3,31,Good
42,42,2024-04-29,"BALTIMORE WASHINGTON INTERNATIONAL AIRPORT, MD US",0.0,0.0,0.0,333.0,161.0,249.0,25.0,Maryland,Anne Arundel,24,3,61,Moderate
43,43,2024-04-30,"BALTIMORE WASHINGTON INTERNATIONAL AIRPORT, MD US",46.0,0.0,0.0,311.0,178.0,248.0,37.0,Maryland,Anne Arundel,24,3,58,Moderate
44,44,2024-05-01,"BALTIMORE WASHINGTON INTERNATIONAL AIRPORT, MD US",0.0,0.0,0.0,283.0,161.0,227.0,23.0,Maryland,Anne Arundel,24,3,50,Good
45,45,2024-05-02,"BALTIMORE WASHINGTON INTERNATIONAL AIRPORT, MD US",0.0,0.0,0.0,322.0,133.0,236.0,26.0,Maryland,Anne Arundel,24,3,67,Moderate
46,46,2024-05-03,"BALTIMORE WASHINGTON INTERNATIONAL AIRPORT, MD US",0.0,0.0,0.0,222.0,117.0,208.0,59.0,Maryland,Anne Arundel,24,3,36,Good
47,47,2024-05-04,"BALTIMORE WASHINGTON INTERNATIONAL AIRPORT, MD US",94.0,0.0,0.0,122.0,106.0,116.0,43.0,Maryland,Anne Arundel,24,3,24,Good
48,48,2024-05-05,"BALTIMORE WASHINGTON INTERNATIONAL AIRPORT, MD US",188.0,0.0,0.0,194.0,111.0,138.0,25.0,Maryland,Anne Arundel,24,3,22,Good
49,49,2024-05-06,"BALTIMORE WASHINGTON INTERNATIONAL AIRPORT, MD US",0.0,0.0,0.0,228.0,172.0,191.0,6.0,Maryland,Anne Arundel,24,3,18,Good
50,50,2024-05-07,"BALTIMORE WASHINGTON INTERNATIONAL AIRPORT, MD US",0.0,0.0,0.0,261.0,178.0,210.0,11.0,Maryland,Anne Arundel,24,3,33,Good
51,51,2024-05-08,"BALTIMORE WASHINGTON INTERNATIONAL AIRPORT, MD US",0.0,0.0,0.0,294.0,178.0,234.0,33.0,Maryland,Anne Arundel,24,3,42,Good
52,52,2024-05-09,"BALTIMORE WASHINGTON INTERNATIONAL AIRPORT, MD US",64.0,0.0,0.0,217.0,144.0,200.0,34.0,Maryland,Anne Arundel,24,3,41,Good
53,53,2024-05-10,"BALTIMORE WASHINGTON INTERNATIONAL AIRPORT, MD US",25.0,0.0,0.0,144.0,100.0,138.0,54.0,Maryland,Anne Arundel,24,3,34,Good
54,54,2024-05-11,"BALTIMORE WASHINGTON INTERNATIONAL AIRPORT, MD US",58.0,0.0,0.0,183.0,78.0,124.0,19.0,Maryland,Anne Arundel,24,3,36,Good
55,55,2024-05-12,"BALTIMORE WASHINGTON INTERNATIONAL AIRPORT, MD US",18.0,0.0,0.0,189.0,83.0,125.0,19.0,Maryland,Anne Arundel,24,3,30,Good
56,56,2024-05-13,"BALTIMORE WASHINGTON INTERNATIONAL AIRPORT, MD US",0.0,0.0,0.0,239.0,117.0,161.0,25.0,Maryland,Anne Arundel,24,3,43,Good
57,57,2024-05-14,"BALTIMORE WASHINGTON INTERNATIONAL AIRPORT, MD US",89.0,0.0,0.0,194.0,122.0,167.0,19.0,Maryland,Anne Arundel,24,3,30,Good
58,58,2024-05-15,"BALTIMORE WASHINGTON INTERNATIONAL AIRPORT, MD US",13.0,0.0,0.0,189.0,128.0,166.0,34.0,Maryland,Anne Arundel,24,3,32,Good
59,59,2024-05-16,"BALTIMORE WASHINGTON INTERNATIONAL AIRPORT, MD US",0.0,0.0,0.0,250.0,117.0,182.0,41.0,Maryland,Anne Arundel,24,3,38,Good
60,60,2024-05-17,"BALTIMORE WASHINGTON INTERNATIONAL AIRPORT, MD US",0.0,0.0,0.0,194.0,167.0,183.0,25.0,Maryland,Anne Arundel,24,3,36,Good
61,61,2024-05-18,"BALTIMORE WASHINGTON INTERNATIONAL AIRPORT, MD US",51.0,0.0,0.0,183.0,150.0,167.0,9.0,Maryland,Anne Arundel,24,3,31,Good
62,62,2024-05-19,"BALTIMORE WASHINGTON INTERNATIONAL AIRPORT, MD US",3.0,0.0,0.0,244.0,156.0,183.0,13.0,Maryland,Anne Arundel,24,3,33,Good
63,63,2024-05-21,"BALTIMORE WASHINGTON INTERNATIONAL AIRPORT, MD US",0.0,0.0,0.0,283.0,128.0,206.0,21.0,Maryland,Anne Arundel,24,3,42,Good
64,64,2024-05-22,"BALTIMORE WASHINGTON INTERNATIONAL AIRPORT, MD US",0.0,0.0,0.0,306.0,150.0,223.0,20.0,Maryland,Anne Arundel,24,3,44,Good
65,65,2024-05-23,"BALTIMORE WASHINGTON INTERNATIONAL AIRPORT, MD US",0.0,0.0,0.0,289.0,194.0,238.0,14.0,Maryland,Anne Arundel,24,3,47,Good
66,66,2024-05-24,"BALTIMORE WASHINGTON INTERNATIONAL AIRPORT, MD US",0.0,0.0,0.0,294.0,183.0,238.0,18.0,Maryland,Anne Arundel,24,3,93,Moderate
67,67,2024-05-25,"BALTIMORE WASHINGTON INTERNATIONAL AIRPORT, MD US",5.0,0.0,0.0,306.0,178.0,248.0,22.0,Maryland,Anne Arundel,24,3,84,Moderate
68,68,2024-05-26,"BALTIMORE WASHINGTON INTERNATIONAL AIRPORT, MD US",3.0,0.0,0.0,311.0,178.0,242.0,22.0,Maryland,Anne Arundel,24,3,64,Moderate
69,69,2024-05-27,"BALTIMORE WASHINGTON INTERNATIONAL AIRPORT, MD US",79.0,0.0,0.0,261.0,178.0,233.0,25.0,Maryland,Anne Arundel,24,3,31,Good
70,70,2024-05-28,"BALTIMORE WASHINGTON INTERNATIONAL AIRPORT, MD US",0.0,0.0,0.0,283.0,167.0,218.0,41.0,Maryland,Anne Arundel,24,3,47,Good
71,71,2024-05-29,"BALTIMORE WASHINGTON INTERNATIONAL AIRPORT, MD US",13.0,0.0,0.0,256.0,133.0,197.0,19.0,Maryland,Anne Arundel,24,3,42,Good
72,72,2024-05-30,"BALTIMORE WASHINGTON INTERNATIONAL AIRPORT, MD US",0.0,0.0,0.0,244.0,128.0,182.0,36.0,Maryland,Anne Arundel,24,3,44,Good
73,73,2024-05-31,"BALTIMORE WASHINGTON INTERNATIONAL AIRPORT, MD US",0.0,0.0,0.0,250.0,106.0,189.0,29.0,Maryland,Anne Arundel,24,3,45,Good
74,74,2024-06-01,"BALTIMORE WASHINGTON INTERNATIONAL AIRPORT, MD US",0.0,0.0,0.0,294.0,122.0,206.0,18.0,Maryland,Anne Arundel,24,3,61,Moderate
75,75,2024-06-02,"BALTIMORE WASHINGTON INTERNATIONAL AIRPORT, MD US",0.0,0.0,0.0,294.0,144.0,222.0,26.0,Maryland,Anne Arundel,24,3,50,Good
76,76,2024-06-03,"BALTIMORE WASHINGTON INTERNATIONAL AIRPORT, MD US",0.0,0.0,0.0,300.0,200.0,253.0,21.0,Maryland,Anne Arundel,24,3,44,Good
77,77,2024-06-04,"BALTIMORE WASHINGTON INTERNATIONAL AIRPORT, MD US",0.0,0.0,0.0,322.0,167.0,252.0,29.0,Maryland,Anne Arundel,24,3,64,Moderate
78,78,2024-06-05,"BALTIMORE WASHINGTON INTERNATIONAL AIRPORT, MD US",84.0,0.0,0.0,283.0,217.0,237.0,30.0,Maryland,Anne Arundel,24,3,33,Good
79,79,2024-06-06,"BALTIMORE WASHINGTON INTERNATIONAL AIRPORT, MD US",0.0,0.0,0.0,300.0,217.0,253.0,29.0,Maryland,Anne Arundel,24,3,36,Good
80,80,2024-06-07,"BALTIMORE WASHINGTON INTERNATIONAL AIRPORT, MD US",0.0,0.0,0.0,306.0,183.0,254.0,46.0,Maryland,Anne Arundel,24,3,49,Good
81,81,2024-06-08,"BALTIMORE WASHINGTON INTERNATIONAL AIRPORT, MD US",0.0,0.0,0.0,294.0,150.0,228.0,37.0,Maryland,Anne Arundel,24,3,45,Good
82,82,2024-06-09,"BALTIMORE WASHINGTON INTERNATIONAL AIRPORT, MD US",0.0,0.0,0.0,289.0,178.0,242.0,47.0,Maryland,Anne Arundel,24,3,44,Good
83,83,2024-06-10,"BALTIMORE WASHINGTON INTERNATIONAL AIRPORT, MD US",0.0,0.0,0.0,283.0,150.0,224.0,38.0,Maryland,Anne Arundel,24,3,44,Good
84,84,2024-06-11,"BALTIMORE WASHINGTON INTERNATIONAL AIRPORT, MD US",0.0,0.0,0.0,239.0,144.0,202.0,28.0,Maryland,Anne Arundel,24,3,35,Good
85,85,2024-06-12,"BALTIMORE WASHINGTON INTERNATIONAL AIRPORT, MD US",0.0,0.0,0.0,289.0,122.0,206.0,22.0,Maryland,Anne Arundel,24,3,48,Good
86,86,2024-06-13,"BALTIMORE WASHINGTON INTERNATIONAL AIRPORT, MD US",3.0,0.0,0.0,317.0,172.0,240.0,23.0,Maryland,Anne Arundel,24,3,49,Good
87,87,2024-06-14,"BALTIMORE WASHINGTON INTERNATIONAL AIRPORT, MD US",20.0,0.0,0.0,350.0,206.0,265.0,20.0,Maryland,Anne Arundel,24,3,80,Moderate
88,88,2024-06-15,"BALTIMORE WASHINGTON INTERNATIONAL AIRPORT, MD US",0.0,0.0,0.0,300.0,172.0,244.0,27.0,Maryland,Anne Arundel,24,3,46,Good
89,89,2024-06-16,"BALTIMORE WASHINGTON INTERNATIONAL AIRPORT, MD US",0.0,0.0,0.0,306.0,150.0,232.0,26.0,Maryland,Anne Arundel,24,3,49,Good
90,90,2024-06-17,"BALTIMORE WASHINGTON INTERNATIONAL AIRPORT, MD US",0.0,0.0,0.0,328.0,200.0,258.0,27.0,Maryland,Anne Arundel,24,3,47,Good
91,91,2024-06-18,"BALTIMORE WASHINGTON INTERNATIONAL AIRPORT, MD US",0.0,0.0,0.0,333.0,217.0,269.0,26.0,Maryland,Anne Arundel,24,3,47,Good
92,92,2024-06-19,"BALTIMORE WASHINGTON INTERNATIONAL AIRPORT, MD US",0.0,0.0,0.0,322.0,206.0,264.0,20.0,Maryland,Anne Arundel,24,3,46,Good
93,93,2024-06-20,"BALTIMORE WASHINGTON INTERNATIONAL AIRPORT, MD US",0.0,0.0,0.0,328.0,194.0,262.0,18.0,Maryland,Anne Arundel,24,3,46,Good
94,94,2024-06-21,"BALTIMORE WASHINGTON INTERNATIONAL AIRPORT, MD US",0.0,0.0,0.0,361.0,194.0,277.0,20.0,Maryland,Anne Arundel,24,3,87,Moderate
95,95,2024-06-23,"BALTIMORE WASHINGTON INTERNATIONAL AIRPORT, MD US",0.0,0.0,0.0,367.0,272.0,312.0,42.0,Maryland,Anne Arundel,24,3,44,Good
96,96,2024-06-24,"BALTIMORE WASHINGTON INTERNATIONAL AIRPORT, MD US",0.0,0.0,0.0,322.0,217.0,298.0,50.0,Maryland,Anne Arundel,24,3,46,Good
97,97,2024-06-25,"BALTIMORE WASHINGTON INTERNATIONAL AIRPORT, MD US",0.0,0.0,0.0,339.0,167.0,262.0,26.0,Maryland,Anne Arundel,24,3,61,Moderate
98,98,2024-06-26,"BALTIMORE WASHINGTON INTERNATIONAL AIRPORT, MD US",23.0,0.0,0.0,372.0,222.0,297.0,36.0,Maryland,Anne Arundel,24,3,71,Moderate
99,99,2024-06-27,"BALTIMORE WASHINGTON INTERNATIONAL AIRPORT, MD US",0.0,0.0,0.0,328.0,211.0,264.0,30.0,Maryland,Anne Arundel,24,3,67,Moderate
100,100,2024-06-28,"BALTIMORE WASHINGTON INTERNATIONAL AIRPORT, MD US",0.0,0.0,0.0,289.0,206.0,254.0,46.0,Maryland,Anne Arundel,24,3,45,Good
101,101,2024-06-29,"BALTIMORE WASHINGTON INTERNATIONAL AIRPORT, MD US",23.0,0.0,0.0,333.0,200.0,262.0,30.0,Maryland,Anne Arundel,24,3,42,Good
102,102,2024-06-30,"BALTIMORE WASHINGTON INTERNATIONAL AIRPORT, MD US",203.0,0.0,0.0,361.0,239.0,285.0,34.0,Maryland,Anne Arundel,24,3,44,Good
103,103,2024-07-01,"BALTIMORE WASHINGTON INTERNATIONAL AIRPORT, MD US",0.0,0.0,0.0,278.0,167.0,235.0,40.0,Maryland,Anne Arundel,24,3,32,Good
104,104,2024-07-02,"BALTIMORE WASHINGTON INTERNATIONAL AIRPORT, MD US",0.0,0.0,0.0,306.0,167.0,238.0,23.0,Maryland,Anne Arundel,24,3,44,Good
105,105,2024-07-03,"BALTIMORE WASHINGTON INTERNATIONAL AIRPORT, MD US",0.0,0.0,0.0,311.0,200.0,253.0,25.0,Maryland,Anne Arundel,24,3,44,Good
106,106,2024-07-04,"BALTIMORE WASHINGTON INTERNATIONAL AIRPORT, MD US",0.0,0.0,0.0,344.0,217.0,272.0,20.0,Maryland,Anne Arundel,24,3,67,Moderate
107,107,2024-07-05,"BALTIMORE WASHINGTON INTERNATIONAL AIRPORT, MD US",0.0,0.0,0.0,367.0,250.0,294.0,24.0,Maryland,Anne Arundel,24,3,49,Good
108,108,2024-07-07,"BALTIMORE WASHINGTON INTERNATIONAL AIRPORT, MD US",0.0,0.0,0.0,361.0,250.0,311.0,22.0,Maryland,Anne Arundel,24,3,74,Moderate
109,109,2024-07-08,"BALTIMORE WASHINGTON INTERNATIONAL AIRPORT, MD US",0.0,0.0,0.0,367.0,228.0,301.0,17.0,Maryland,Anne Arundel,24,3,97,Moderate
110,110,2024-07-09,"BALTIMORE WASHINGTON INTERNATIONAL AIRPORT, MD US",33.0,0.0,0.0,372.0,250.0,300.0,21.0,Maryland,Anne Arundel,24,3,47,Good
111,111,2024-07-10,"BALTIMORE WASHINGTON INTERNATIONAL AIRPORT, MD US",18.0,0.0,0.0,350.0,256.0,303.0,36.0,Maryland,Anne Arundel,24,3,33,Good
112,112,2024-07-11,"BALTIMORE WASHINGTON INTERNATIONAL AIRPORT, MD US",0.0,0.0,0.0,339.0,233.0,281.0,31.0,Maryland,Anne Arundel,24,3,58,Moderate
113,113,2024-07-12,"BALTIMORE WASHINGTON INTERNATIONAL AIRPORT, MD US",15.0,0.0,0.0,278.0,222.0,257.0,18.0,Maryland,Anne Arundel,24,3,45,Good
114,114,2024-07-13,"BALTIMORE WASHINGTON INTERNATIONAL AIRPORT, MD US",0.0,0.0,0.0,350.0,233.0,275.0,12.0,Maryland,Anne Arundel,24,3,71,Moderate
115,115,2024-07-14,"BALTIMORE WASHINGTON INTERNATIONAL AIRPORT, MD US",0.0,0.0,0.0,383.0,239.0,299.0,21.0,Maryland,Anne Arundel,24,3,67,Moderate
116,116,2024-07-15,"BALTIMORE WASHINGTON INTERNATIONAL AIRPORT, MD US",0.0,0.0,0.0,389.0,244.0,313.0,24.0,Maryland,Anne Arundel,24,3,84,Moderate
117,117,2024-07-16,"BALTIMORE WASHINGTON INTERNATIONAL AIRPORT, MD US",41.0,0.0,0.0,400.0,244.0,324.0,36.0,Maryland,Anne Arundel,24,3,87,Moderate
118,118,2024-07-18,"BALTIMORE WASHINGTON INTERNATIONAL AIRPORT, MD US",0.0,0.0,0.0,306.0,222.0,268.0,25.0,Maryland,Anne Arundel,24,3,49,Good
119,119,2024-07-19,"BALTIMORE WASHINGTON INTERNATIONAL AIRPORT, MD US",0.0,0.0,0.0,311.0,206.0,258.0,25.0,Maryland,Anne Arundel,24,3,61,Moderate
120,120,2024-07-20,"BALTIMORE WASHINGTON INTERNATIONAL AIRPORT, MD US",15.0,0.0,0.0,311.0,217.0,256.0,14.0,Maryland,Anne Arundel,24,3,42,Good
121,121,2024-07-21,"BALTIMORE WASHINGTON INTERNATIONAL AIRPORT, MD US",0.0,0.0,0.0,328.0,200.0,262.0,17.0,Maryland,Anne Arundel,24,3,77,Moderate
122,122,2024-07-22,"BALTIMORE WASHINGTON INTERNATIONAL AIRPORT, MD US",102.0,0.0,0.0,278.0,233.0,257.0,21.0,Maryland,Anne Arundel,24,3,35,Good
123,123,2024-07-23,"BALTIMORE WASHINGTON INTERNATIONAL AIRPORT, MD US",8.0,0.0,0.0,328.0,217.0,262.0,25.0,Maryland,Anne Arundel,24,3,80,Moderate
124,124,2024-07-24,"BALTIMORE WASHINGTON INTERNATIONAL AIRPORT, MD US",0.0,0.0,0.0,317.0,239.0,268.0,12.0,Maryland,Anne Arundel,24,3,49,Good
125,125,2024-07-25,"BALTIMORE WASHINGTON INTERNATIONAL AIRPORT, MD US",0.0,0.0,0.0,317.0,222.0,268.0,22.0,Maryland,Anne Arundel,24,3,61,Moderate
126,126,2024-07-26,"BALTIMORE WASHINGTON INTERNATIONAL AIRPORT, MD US",0.0,0.0,0.0,311.0,194.0,254.0,24.0,Maryland,Anne Arundel,24,3,46,Good
127,127,2024-07-27,"BALTIMORE WASHINGTON INTERNATIONAL AIRPORT, MD US",0.0,0.0,0.0,322.0,172.0,249.0,19.0,Maryland,Anne Arundel,24,3,44,Good
128,128,2024-07-28,"BALTIMORE WASHINGTON INTERNATIONAL AIRPORT, MD US",0.0,0.0,0.0,328.0,172.0,256.0,19.0,Maryland,Anne Arundel,24,3,90,Moderate
129,129,2024-07-29,"BALTIMORE WASHINGTON INTERNATIONAL AIRPORT, MD US",119.0,0.0,0.0,344.0,222.0,274.0,26.0,Maryland,Anne Arundel,24,3,71,Moderate
130,130,2024-07-30,"BALTIMORE WASHINGTON INTERNATIONAL AIRPORT, MD US",3.0,0.0,0.0,300.0,228.0,254.0,25.0,Maryland,Anne Arundel,24,3,36,Good
131,131,2024-07-31,"BALTIMORE WASHINGTON INTERNATIONAL AIRPORT, MD US",0.0,0.0,0.0,350.0,233.0,278.0,25.0,Maryland,Anne Arundel,24,3,71,Moderate
132,132,2024-08-01,"BALTIMORE WASHINGTON INTERNATIONAL AIRPORT, MD US",0.0,0.0,0.0,383.0,217.0,293.0,18.0,Maryland,Anne Arundel,24,3,129,Unhealthy for Sensitive Groups
133,133,2024-08-02,"BALTIMORE WASHINGTON INTERNATIONAL AIRPORT, MD US",554.0,0.0,0.0,378.0,239.0,314.0,30.0,Maryland,Anne Arundel,24,3,54,Moderate
134,134,2024-08-03,"BALTIMORE WASHINGTON INTERNATIONAL AIRPORT, MD US",201.0,0.0,0.0,350.0,228.0,273.0,28.0,Maryland,Anne Arundel,24,3,44,Good
135,135,2024-08-04,"BALTIMORE WASHINGTON INTERNATIONAL AIRPORT, MD US",0.0,0.0,0.0,311.0,228.0,252.0,18.0,Maryland,Anne Arundel,24,3,39,Good
136,136,2024-08-05,"BALTIMORE WASHINGTON INTERNATIONAL AIRPORT, MD US",0.0,0.0,0.0,356.0,222.0,278.0,15.0,Maryland,Anne Arundel,24,3,61,Moderate
137,137,2024-08-06,"BALTIMORE WASHINGTON INTERNATIONAL AIRPORT, MD US",36.0,0.0,0.0,350.0,228.0,297.0,30.0,Maryland,Anne Arundel,24,3,51,Moderate
138,138,2024-08-07,"BALTIMORE WASHINGTON INTERNATIONAL AIRPORT, MD US",58.0,0.0,0.0,311.0,228.0,262.0,33.0,Maryland,Anne Arundel,24,3,29,Good
139,139,2024-08-08,"BALTIMORE WASHINGTON INTERNATIONAL AIRPORT, MD US",201.0,0.0,0.0,267.0,228.0,247.0,55.0,Maryland,Anne Arundel,24,3,21,Good
140,140,2024-08-09,"BALTIMORE WASHINGTON INTERNATIONAL AIRPORT, MD US",262.0,0.0,0.0,278.0,250.0,264.0,46.0,Maryland,Anne Arundel,24,3,27,Good
141,141,2024-08-10,"BALTIMORE WASHINGTON INTERNATIONAL AIRPORT, MD US",0.0,0.0,0.0,322.0,222.0,271.0,22.0,Maryland,Anne Arundel,24,3,51,Moderate
142,142,2024-08-11,"BALTIMORE WASHINGTON INTERNATIONAL AIRPORT, MD US",0.0,0.0,0.0,289.0,183.0,250.0,23.0,Maryland,Anne Arundel,24,3,41,Good
143,143,2024-08-12,"BALTIMORE WASHINGTON INTERNATIONAL AIRPORT, MD US",0.0,0.0,0.0,294.0,178.0,232.0,25.0,Maryland,Anne Arundel,24,3,44,Good
144,144,2024-08-13,"BALTIMORE WASHINGTON INTERNATIONAL AIRPORT, MD US",0.0,0.0,0.0,300.0,172.0,236.0,18.0,Maryland,Anne Arundel,24,3,39,Good
145,145,2024-08-14,"BALTIMORE WASHINGTON INTERNATIONAL AIRPORT, MD US",0.0,0.0,0.0,300.0,178.0,241.0,22.0,Maryland,Anne Arundel,24,3,44,Good
146,146,2024-08-15,"BALTIMORE WASHINGTON INTERNATIONAL AIRPORT, MD US",0.0,0.0,0.0,317.0,172.0,248.0,18.0,Maryland,Anne Arundel,24,3,43,Good
147,147,2024-08-16,"BALTIMORE WASHINGTON INTERNATIONAL AIRPORT, MD US",0.0,0.0,0.0,317.0,178.0,248.0,19.0,Maryland,Anne Arundel,24,3,54,Moderate
148,148,2024-08-17,"BALTIMORE WASHINGTON INTERNATIONAL AIRPORT, MD US",97.0,0.0,0.0,278.0,200.0,247.0,21.0,Maryland,Anne Arundel,24,3,37,Good
149,149,2024-08-18,"BALTIMORE WASHINGTON INTERNATIONAL AIRPORT, MD US",137.0,0.0,0.0,300.0,206.0,239.0,21.0,Maryland,Anne Arundel,24,3,35,Good
150,150,2024-08-19,"BALTIMORE WASHINGTON INTERNATIONAL AIRPORT, MD US",0.0,0.0,0.0,300.0,206.0,241.0,34.0,Maryland,Anne Arundel,24,3,34,Good
151,151,2024-08-20,"BALTIMORE WASHINGTON INTERNATIONAL AIRPORT, MD US",0.0,0.0,0.0,239.0,144.0,211.0,39.0,Maryland,Anne Arundel,24,3,35,Good
152,152,2024-08-21,"BALTIMORE WASHINGTON INTERNATIONAL AIRPORT, MD US",0.0,0.0,0.0,244.0,117.0,178.0,30.0,Maryland,Anne Arundel,24,3,33,Good
153,153,2024-08-22,"BALTIMORE WASHINGTON INTERNATIONAL AIRPORT, MD US",0.0,0.0,0.0,261.0,117.0,189.0,19.0,Maryland,Anne Arundel,24,3,40,Good
154,154,2024-08-23,"BALTIMORE WASHINGTON INTERNATIONAL AIRPORT, MD US",0.0,0.0,0.0,283.0,128.0,207.0,9.0,Maryland,Anne Arundel,24,3,74,Moderate
155,155,2024-08-24,"BALTIMORE WASHINGTON INTERNATIONAL AIRPORT, MD US",0.0,0.0,0.0,294.0,133.0,213.0,15.0,Maryland,Anne Arundel,24,3,77,Moderate
156,156,2024-08-25,"BALTIMORE WASHINGTON INTERNATIONAL AIRPORT, MD US",0.0,0.0,0.0,311.0,161.0,232.0,18.0,Maryland,Anne Arundel,24,3,67,Moderate
157,157,2024-08-26,"BALTIMORE WASHINGTON INTERNATIONAL AIRPORT, MD US",3.0,0.0,0.0,328.0,194.0,247.0,16.0,Maryland,Anne Arundel,24,3,61,Moderate
158,158,2024-08-27,"BALTIMORE WASHINGTON INTERNATIONAL AIRPORT, MD US",0.0,0.0,0.0,333.0,183.0,251.0,14.0,Maryland,Anne Arundel,24,3,93,Moderate
159,159,2024-08-28,"BALTIMORE WASHINGTON INTERNATIONAL AIRPORT, MD US",0.0,0.0,0.0,361.0,222.0,286.0,26.0,Maryland,Anne Arundel,24,3,84,Moderate
160,160,2024-08-29,"BALTIMORE WASHINGTON INTERNATIONAL AIRPORT, MD US",30.0,0.0,0.0,317.0,211.0,277.0,38.0,Maryland,Anne Arundel,24,3,42,Good
161,161,2024-08-30,"BALTIMORE WASHINGTON INTERNATIONAL AIRPORT, MD US",0.0,0.0,0.0,239.0,206.0,222.0,38.0,Maryland,Anne Arundel,24,3,20,Good
162,162,2024-08-31,"BALTIMORE WASHINGTON INTERNATIONAL AIRPORT, MD US",3.0,0.0,0.0,278.0,217.0,239.0,15.0,Maryland,Anne Arundel,24,3,31,Good
163,163,2024-09-01,"BALTIMORE WASHINGTON INTERNATIONAL AIRPORT, MD US",0.0,0.0,0.0,317.0,206.0,249.0,22.0,Maryland,Anne Arundel,24,3,39,Good
164,164,2024-09-02,"BALTIMORE WASHINGTON INTERNATIONAL AIRPORT, MD US",0.0,0.0,0.0,272.0,178.0,244.0,36.0,Maryland,Anne Arundel,24,3,36,Good
165,165,2024-09-03,"BALTIMORE WASHINGTON INTERNATIONAL AIRPORT, MD US",0.0,0.0,0.0,250.0,128.0,197.0,31.0,Maryland,Anne Arundel,24,3,44,Good
166,166,2024-09-04,"BALTIMORE WASHINGTON INTERNATIONAL AIRPORT, MD US",0.0,0.0,0.0,256.0,111.0,183.0,21.0,Maryland,Anne Arundel,24,3,47,Good
167,167,2024-09-06,"BALTIMORE WASHINGTON INTERNATIONAL AIRPORT, MD US",0.0,0.0,0.0,267.0,144.0,211.0,13.0,Maryland,Anne Arundel,24,3,40,Good
168,168,2024-09-07,"BALTIMORE WASHINGTON INTERNATIONAL AIRPORT, MD US",3.0,0.0,0.0,250.0,117.0,201.0,22.0,Maryland,Anne Arundel,24,3,25,Good
169,169,2024-09-08,"BALTIMORE WASHINGTON INTERNATIONAL AIRPORT, MD US",0.0,0.0,0.0,233.0,78.0,159.0,27.0,Maryland,Anne Arundel,24,3,37,Good
170,170,2024-09-10,"BALTIMORE WASHINGTON INTERNATIONAL AIRPORT, MD US",0.0,0.0,0.0,306.0,117.0,205.0,20.0,Maryland,Anne Arundel,24,3,51,Moderate
171,171,2024-09-11,"BALTIMORE WASHINGTON INTERNATIONAL AIRPORT, MD US",0.0,0.0,0.0,294.0,133.0,217.0,21.0,Maryland,Anne Arundel,24,3,61,Moderate
172,172,2024-09-13,"BALTIMORE WASHINGTON INTERNATIONAL AIRPORT, MD US",0.0,0.0,0.0,278.0,167.0,218.0,17.0,Maryland,Anne Arundel,24,3,40,Good
173,173,2024-09-15,"BALTIMORE WASHINGTON INTERNATIONAL AIRPORT, MD US",0.0,0.0,0.0,294.0,144.0,219.0,38.0,Maryland,Anne Arundel,24,3,44,Good
174,174,2024-09-16,"BALTIMORE WASHINGTON INTERNATIONAL AIRPORT, MD US",0.0,0.0,0.0,256.0,167.0,208.0,47.0,Maryland,Anne Arundel,24,3,38,Good
175,175,2024-09-17,"BALTIMORE WASHINGTON INTERNATIONAL AIRPORT, MD US",5.0,0.0,0.0,256.0,206.0,226.0,51.0,Maryland,Anne Arundel,24,3,31,Good
176,176,2024-09-18,"BALTIMORE WASHINGTON INTERNATIONAL AIRPORT, MD US",69.0,0.0,0.0,250.0,200.0,221.0,42.0,Maryland,Anne Arundel,24,3,31,Good
177,177,2024-09-19,"BALTIMORE WASHINGTON INTERNATIONAL AIRPORT, MD US",0.0,0.0,0.0,306.0,178.0,237.0,22.0,Maryland,Anne Arundel,24,3,46,Good
178,178,2024-09-20,"BALTIMORE WASHINGTON INTERNATIONAL AIRPORT, MD US",0.0,0.0,0.0,294.0,161.0,225.0,17.0,Maryland,Anne Arundel,24,3,54,Moderate
179,179,2024-09-21,"BALTIMORE WASHINGTON INTERNATIONAL AIRPORT, MD US",15.0,0.0,0.0,272.0,194.0,229.0,22.0,Maryland,Anne Arundel,24,3,40,Good
180,180,2024-09-22,"BALTIMORE WASHINGTON INTERNATIONAL AIRPORT, MD US",69.0,0.0,0.0,228.0,178.0,209.0,31.0,Maryland,Anne Arundel,24,3,35,Good
181,181,2024-09-23,"BALTIMORE WASHINGTON INTERNATIONAL AIRPORT, MD US",28.0,0.0,0.0,200.0,161.0,192.0,27.0,Maryland,Anne Arundel,24,3,28,Good
182,182,2024-09-24,"BALTIMORE WASHINGTON INTERNATIONAL AIRPORT, MD US",18.0,0.0,0.0,200.0,156.0,174.0,37.0,Maryland,Anne Arundel,24,3,29,Good
183,183,2024-09-25,"BALTIMORE WASHINGTON INTERNATIONAL AIRPORT, MD US",48.0,0.0,0.0,211.0,172.0,188.0,31.0,Maryland,Anne Arundel,24,3,21,Good
184,184,2024-09-26,"BALTIMORE WASHINGTON INTERNATIONAL AIRPORT, MD US",114.0,0.0,0.0,256.0,200.0,217.0,17.0,Maryland,Anne Arundel,24,3,19,Good
185,185,2024-09-27,"BALTIMORE WASHINGTON INTERNATIONAL AIRPORT, MD US",74.0,0.0,0.0,228.0,206.0,219.0,46.0,Maryland,Anne Arundel,24,3,16,Good
186,186,2024-09-28,"BALTIMORE WASHINGTON INTERNATIONAL AIRPORT, MD US",33.0,0.0,0.0,272.0,189.0,221.0,42.0,Maryland,Anne Arundel,24,3,21,Good
187,187,2024-09-29,"BALTIMORE WASHINGTON INTERNATIONAL AIRPORT, MD US",8.0,0.0,0.0,194.0,172.0,190.0,42.0,Maryland,Anne Arundel,24,3,19,Good
188,188,2024-09-30,"BALTIMORE WASHINGTON INTERNATIONAL AIRPORT, MD US",33.0,0.0,0.0,189.0,161.0,173.0,37.0,Maryland,Anne Arundel,24,3,19,Good
189,189,2024-10-01,"BALTIMORE WASHINGTON INTERNATIONAL AIRPORT, MD US",89.0,0.0,0.0,206.0,156.0,168.0,34.0,Maryland,Anne Arundel,24,3,22,Good
190,190,2024-10-02,"BALTIMORE WASHINGTON INTERNATIONAL AIRPORT, MD US",3.0,0.0,0.0,178.0,144.0,162.0,17.0,Maryland,Anne Arundel,24,3,17,Good
191,191,2024-10-03,"BALTIMORE WASHINGTON INTERNATIONAL AIRPORT, MD US",0.0,0.0,0.0,250.0,144.0,181.0,11.0,Maryland,Anne Arundel,24,3,29,Good
192,192,2024-10-04,"BALTIMORE WASHINGTON INTERNATIONAL AIRPORT, MD US",0.0,0.0,0.0,233.0,139.0,187.0,11.0,Maryland,Anne Arundel,24,3,29,Good
193,193,2024-10-05,"BALTIMORE WASHINGTON INTERNATIONAL AIRPORT, MD US",0.0,0.0,0.0,244.0,100.0,191.0,20.0,Maryland,Anne Arundel,24,3,44,Good
194,194,2024-10-06,"BALTIMORE WASHINGTON INTERNATIONAL AIRPORT, MD US",0.0,0.0,0.0,244.0,83.0,158.0,17.0,Maryland,Anne Arundel,24,3,46,Good
195,195,2024-10-07,"BALTIMORE WASHINGTON INTERNATIONAL AIRPORT, MD US",0.0,0.0,0.0,233.0,111.0,186.0,29.0,Maryland,Anne Arundel,24,3,38,Good
196,196,2024-10-08,"BALTIMORE WASHINGTON INTERNATIONAL AIRPORT, MD US",0.0,0.0,0.0,200.0,78.0,146.0,19.0,Maryland,Anne Arundel,24,3,39,Good
197,197,2024-10-09,"BALTIMORE WASHINGTON INTERNATIONAL AIRPORT, MD US",0.0,0.0,0.0,200.0,61.0,131.0,38.0,Maryland,Anne Arundel,24,3,43,Good
198,198,2024-10-10,"BALTIMORE WASHINGTON INTERNATIONAL AIRPORT, MD US",0.0,0.0,0.0,167.0,44.0,116.0,23.0,Maryland,Anne Arundel,24,3,21,Good
199,199,2024-10-11,"BALTIMORE WASHINGTON INTERNATIONAL AIRPORT, MD US",0.0,0.0,0.0,194.0,22.0,104.0,24.0,Maryland,Anne Arundel,24,3,30,Good
200,200,2024-10-12,"BALTIMORE WASHINGTON INTERNATIONAL AIRPORT, MD US",0.0,0.0,0.0,250.0,94.0,159.0,25.0,Maryland,Anne Arundel,24,3,50,Good
201,201,2024-10-13,"BALTIMORE WASHINGTON INTERNATIONAL AIRPORT, MD US",0.0,0.0,0.0,261.0,89.0,169.0,29.0,Maryland,Anne Arundel,24,3,45,Good
202,202,2024-10-14,"BALTIMORE WASHINGTON INTERNATIONAL AIRPORT, MD US",0.0,0.0,0.0,194.0,56.0,170.0,53.0,Maryland,Anne Arundel,24,3,31,Good
203,203,2024-10-15,"BALTIMORE WASHINGTON INTERNATIONAL AIRPORT, MD US",0.0,0.0,0.0,139.0,33.0,89.0,33.0,Maryland,Anne Arundel,24,3,28,Good
204,204,2024-10-16,"BALTIMORE WASHINGTON INTERNATIONAL AIRPORT, MD US",0.0,0.0,0.0,128.0,17.0,72.0,35.0,Maryland,Anne Arundel,24,3,28,Good
205,205,2024-10-17,"BALTIMORE WASHINGTON INTERNATIONAL AIRPORT, MD US",0.0,0.0,0.0,150.0,0.0,78.0,29.0,Maryland,Anne Arundel,24,3,31,Good
206,206,2024-10-18,"BALTIMORE WASHINGTON INTERNATIONAL AIRPORT, MD US",0.0,0.0,0.0,194.0,28.0,100.0,19.0,Maryland,Anne Arundel,24,3,32,Good
207,207,2024-10-19,"BALTIMORE WASHINGTON INTERNATIONAL AIRPORT, MD US",0.0,0.0,0.0,206.0,17.0,104.0,10.0,Maryland,Anne Arundel,24,3,31,Good
208,208,2024-10-20,"BALTIMORE WASHINGTON INTERNATIONAL AIRPORT, MD US",0.0,0.0,0.0,233.0,11.0,112.0,8.0,Maryland,Anne Arundel,24,3,44,Good
209,209,2024-10-21,"BALTIMORE WASHINGTON INTERNATIONAL AIRPORT, MD US",0.0,0.0,0.0,256.0,33.0,132.0,20.0,Maryland,Anne Arundel,24,3,61,Moderate
210,210,2024-10-22,"BALTIMORE WASHINGTON INTERNATIONAL AIRPORT, MD US",0.0,0.0,0.0,272.0,72.0,161.0,12.0,Maryland,Anne Arundel,24,3,51,Moderate
211,211,2024-10-23,"BALTIMORE WASHINGTON INTERNATIONAL AIRPORT, MD US",0.0,0.0,0.0,250.0,56.0,157.0,13.0,Maryland,Anne Arundel,24,3,49,Good
212,212,2024-10-24,"BALTIMORE WASHINGTON INTERNATIONAL AIRPORT, MD US",0.0,0.0,0.0,194.0,44.0,159.0,35.0,Maryland,Anne Arundel,24,3,34,Good
213,213,2024-10-25,"BALTIMORE WASHINGTON INTERNATIONAL AIRPORT, MD US",0.0,0.0,0.0,189.0,22.0,106.0,10.0,Maryland,Anne Arundel,24,3,31,Good
214,214,2024-10-26,"BALTIMORE WASHINGTON INTERNATIONAL AIRPORT, MD US",0.0,0.0,0.0,189.0,50.0,131.0,28.0,Maryland,Anne Arundel,24,3,37,Good
215,215,2024-10-27,"BALTIMORE WASHINGTON INTERNATIONAL AIRPORT, MD US",0.0,0.0,0.0,139.0,6.0,82.0,13.0,Maryland,Anne Arundel,24,3,31,Good
216,216,2024-10-28,"BALTIMORE WASHINGTON INTERNATIONAL AIRPORT, MD US",0.0,0.0,0.0,156.0,-5.0,66.0,12.0,Maryland,Anne Arundel,24,3,33,Good
217,217,2024-10-29,"BALTIMORE WASHINGTON INTERNATIONAL AIRPORT, MD US",0.0,0.0,0.0,183.0,11.0,91.0,11.0,Maryland,Anne Arundel,24,3,37,Good
218,218,2024-10-30,"BALTIMORE WASHINGTON INTERNATIONAL AIRPORT, MD US",0.0,0.0,0.0,256.0,50.0,140.0,12.0,Maryland,Anne Arundel,24,3,32,Good
219,219,2024-10-31,"BALTIMORE WASHINGTON INTERNATIONAL AIRPORT, MD US",0.0,0.0,0.0,267.0,100.0,184.0,30.0,Maryland,Anne Arundel,24,3,36,Good
